{"train_loss_epoch": 0.20469267666339874, "train_acc_epoch": 0.9490740895271301, "train_auroc_epoch": 0.2083333283662796, "epoch": 9, "trainer/global_step": 439, "_timestamp": 1741197129.3782048, "_runtime": 650.4177558422089, "_step": 17, "train_loss_step": 0.06527328491210938, "train_acc_step": 1.0, "train_auroc_step": 0.0, "val_loss": 0.23660805821418762, "val_acc": 0.9367945790290833, "val_auroc": 0.056433409452438354, "_wandb": {"runtime": 670}}